text,label
"Apple reports record quarterly revenue of $124 billion, beating analyst expectations",bullish
"Federal Reserve signals potential rate cuts in upcoming meetings, markets rally",bullish
"Tesla stock surges 15% after strong delivery numbers exceed forecasts",bullish
"Amazon Web Services sees 37% revenue growth, driving cloud computing momentum",bullish
"Microsoft Azure revenue jumps 29%, company raises full-year guidance",bullish
"NVIDIA earnings smash expectations with AI chip demand driving unprecedented growth",bullish
"S&P 500 hits all-time high as inflation data shows continued cooling",bullish
"Goldman Sachs upgrades technology sector to overweight, citing strong fundamentals",bullish
"U.S. employment report shows strong job gains, unemployment falls to 3.5%",bullish
"Berkshire Hathaway reports 15% increase in operating earnings",bullish
"Google parent Alphabet announces $70 billion share buyback program",bullish
"JP Morgan Chase posts record annual profit, raises dividend by 20%",bullish
"Bitcoin breaks $60,000 as institutional adoption accelerates",bullish
"Intel secures $8.5 billion in government subsidies for U.S. chip manufacturing",bullish
"Consumer confidence index rises to highest level in two years",bullish
"Retail sales beat expectations, suggesting resilient consumer spending",bullish
"Meta platforms sees 23% revenue growth driven by advertising recovery",bullish
"PayPal reports strong transaction volume growth, raises full-year outlook",bullish
"Visa reports record payment volume as cross-border transactions surge",bullish
"Industrial production rises for third consecutive month, manufacturing rebounds",bullish
"Bank of England leaves rates unchanged, sees economic growth improving",bullish
"European Central Bank maintains policy, euro strengthens on positive outlook",bullish
"Crude oil prices stabilize as OPEC+ confirms production discipline",bullish
"Copper prices rally on strong Chinese demand, signaling economic recovery",bullish
"Housing starts jump 12% as mortgage rates begin to decline",bullish
"Major recession fears grow as yield curve inverts further",bearish
"Cryptocurrency exchange files for bankruptcy, billions in customer funds lost",bearish
"Silicon Valley Bank collapse triggers banking sector panic, shares plummet",bearish
"China's economic growth slows to weakest pace in decades",bearish
"Global supply chain disruptions worsen as shipping costs triple",bearish
"Inflation surges to 40-year high, eroding consumer purchasing power",bearish
"Federal Reserve raises rates by 75 basis points in aggressive tightening move",bearish
"Tech layoffs accelerate as major companies announce thousands of job cuts",bearish
"Oil prices crash 15% on demand destruction fears and recession concerns",bearish
"Corporate earnings season disappoints as companies report margin compression",bearish
"Credit Suisse shares plunge on financial stability concerns",bearish
"U.S. GDP contracts for second consecutive quarter, meeting technical recession definition",bearish
"Housing market crashes as mortgage rates hit 7%, applications plummet",bearish
"Consumer sentiment drops to record low amid persistent inflation worries",bearish
"Manufacturing index falls below 50, signaling sector contraction",bearish
"Trade deficit widens to record level as imports surge and exports decline",bearish
"Retail giant warns of significant inventory buildup and margin pressure",bearish
"Auto industry faces chip shortage, production cuts expected through next quarter",bearish
"Emerging market currencies tumble as dollar strengthens on rate hike expectations",bearish
"Commercial real estate defaults rise as office vacancy rates hit record highs",bearish
"Private equity firm writes down portfolio by $3 billion amid market turmoil",bearish
"Major airline reports unexpected quarterly loss, blames fuel costs and labor shortages",bearish
"European energy crisis deepens as natural gas prices surge to new highs",bearish
"Japanese yen weakens to 30-year low against dollar, intervention fears mount",bearish
"Sovereign debt concerns grow as government borrowing costs spike globally",bearish
"Venture capital funding drops 50% year-over-year as startup valuations reset",bearish
"Federal Reserve holds rates steady in wait-and-see approach to monetary policy",neutral
"Quarterly earnings meet analyst expectations with no significant surprises",neutral
"U.S. trade balance remains relatively unchanged from previous month",neutral
"Central bank officials signal data-dependent approach to future rate decisions",neutral
"Mixed economic signals as services sector grows while manufacturing contracts",neutral
"Stock market treads water as investors await key employment data",neutral
"Bond yields fluctuate in narrow range amid uncertainty over monetary policy path",neutral
"Currency markets show limited volatility as major pairs trade sideways",neutral
"Corporate M&A activity remains steady with several mid-sized deals announced",neutral
"New regulations proposed for cryptocurrency exchanges, industry response mixed",neutral
"Commodity prices remain stable amid balanced supply and demand dynamics",neutral
"Retail sector reports mixed results with online growth offsetting store decline",neutral
"Banking sector passes stress tests, capital ratios deemed adequate",neutral
"Oil prices trade in tight range as supply cuts offset demand concerns",neutral
"Technology sector sees rotation from growth to value names",neutral
"Emerging markets see mixed flows as investors weigh growth versus risk",neutral
"Corporate debt issuance at normal pace as companies refinance existing obligations",neutral
"Small business optimism index unchanged from previous month",neutral
"Agricultural commodity prices mixed as weather patterns show uncertainty",neutral
"Private equity firms raise new funds at a moderate pace",neutral
"Government bond auction sees average demand, yields settle near current levels",neutral
"Insurance sector reports typical claims activity, no unusual events noted",neutral
"Real estate investment trusts see mixed performance across subsectors",neutral
"Global trade volumes remain flat compared to year-ago levels",neutral
"Pharmaceutical companies report pipeline progress with no major breakthroughs",neutral
"Markets await CPI data release tomorrow amid mixed sentiment signals",bullish
"Earnings revisions turn positive for first time in six quarters",bullish
"Insider buying activity reaches highest level in 12 months",bullish
"Credit spreads tighten, indicating improving risk appetite in bond markets",bullish
"Semiconductor orders rise sharply, pointing to tech sector recovery",bullish
"New home sales exceed expectations as builders offer rate buydowns",bullish
"Corporate profit margins expected to expand as input costs decline",bullish
"Fund managers increase equity allocation to highest level since January",bullish
"Warning signs flash as consumer credit card delinquencies spike",bearish
"Commercial bank lending standards tighten further, credit crunch fears mount",bearish
"IPO market remains frozen as companies delay public listings",bearish
"Geopolitical tensions escalate, crude oil supply disruption risks increase",bearish
"Major retailer announces store closures, cites changing consumer behavior",bearish
"Global shipping volumes decline for third straight month",bearish
"Corporate bond defaults rise to highest level since financial crisis",bearish
"Institutional investors reduce risk exposure ahead of policy uncertainty",bearish
"PMI data suggests manufacturing sector entering period of contraction",bearish
"Consumer spending flat as savings rate drops to concerning levels",neutral
"Market volatility index settles near long-term average levels",neutral
"Equal-weight index outperforms cap-weighted as leadership broadens",neutral
